id,nickname
14,joan
24,oscar
44,david_lh
61,ahah
47,ivanbcn
92,david_sanchez
73,oriolc
117,marina_freixa
144,sylros
141,trastu2016
85,kerouack
98,ricard
181,crismon
160,felip
200,meritxell
191,piti_cervello
216,dani
193,santi_2
257,sergi
214,peter_peter_peter
265,isaac_cereijo
210,hector
164,Gabi_Gallart
245,judit
99,ruben
213,xavi_e
219,rocio_aguilera
287,eugenia_guiscafre
288,david_palomera_zaide
302,quique
301,marc_colomer
310,lidia_fuentes_ledo
29,habana2000
315,annagmacias
327,victor_2
314,pepepacheco
349,stvalls
338,laura_krauel
79,andreu
356,david_campillo
360,pak69
244,elva
359,marcsensecotxe
284,ecologistes_en_accio
340,consell_d_associacio
396,xavi_silvestre
398,lluis_d
411,merameque
430,impalah
250,daniel_lr
426,laub
461,pau_b
435,_2
474,chus
78,aoxi
484,ada_garcia_m
505,adrirudrigas
496,metacrilat
512,solidaritat_catalana
514,oscarc
509,edgar_puig_mundo
530,elia
537,jordic
544,pablomartinez
543,joaquimrp
552,wefer
424,roberto_carazo_redon
581,carmeg
591,bokerocky
590,ignacio_delgado
593,humbert
423,anita_borg
610,antoni_gut
621,marta_1986
634,quim_falgueras
630,laurabalci
656,jaume
657,mari
677,christian_m_a
659,pf
675,helena_s
706,victor1
713,enschede
156,juani47
324,la_marina_viva
646,plataforma_per_la_qu
788,laura_n
368,joaquim_navarro
48,marc_casanovas_i_bas
792,jordi_quintana
808,retroriff
806,rafael_cerrato_mejia
810,joan_busquet
832,david_revilla
120,leonor
31143,associacio_de_vein_6
600,fede_2
831,pilar_vicente_vara
403,sara_82
179,susanna
846,pablo_montoya
824,regina_vt
838,victoria_barcelo_roc
882,dany_torterolo
848,cristian_modesto
919,agente_k192
926,toni51
935,emma_infante
925,julio_2
119,xexu2000
983,tonyan06
1009,tomas_calvo_pobla
1017,mario_b
1010,catorvel
1054,mogambo
1059,pol_a
1056,nuria_90
883,manelff
979,josep_oriol_badell_s
31157,fundacio_procat
1033,sara_cervello_pomar
1099,ainapj
1113,cfl
709,berrocal_alonso
546,monsol
1182,jaime_lozano_blasco
1166,aurora_carrasco
1190,molina54
1208,jebimetal
1199,javier_zazo_martin
1241,emili_batiste_serra
1262,mireia_2
1261,daniel_noalttip_2
663,narelo_del_es
1272,jordi_garcia_lopez
1310,olga_marcos
1320,auroramf
959,gemma_at
31161,amics_de_la_bici
873,ernesto
797,arnau_2
1430,mar_llopis
1443,josep
1459,afa_dr_ferran_i_clua
579,josep_mompin_poblet
1377,marc_guallar
1476,manel_2
1139,toni_campos
1485,natalia_boronat
1523,grup_ecologista_del_
1525,markus
1481,associacio_celiacs_d
1604,eiyeitis
1306,andreu_c_sanchez
1646,merci_de_merce
1659,jaime_ortega
1656,maria_r
1654,jaume_villalba_gomis
1666,abel_bustos
1689,marta_castillo
1682,silvia_genoves
1676,gonzalo_bello
1707,roman
1734,cristina_palou_moren
1743,anna_arenas_rusinol
1750,natalia_lua
1757,marga_sant_andreu
1751,
1763,ramon_sales
1767,nluine
1781,sara_coe
1777,sexteni
1800,laura_ginel
1799,sergio_ligero
1807,joan_lluis_balague
1779,vaneryp
1858,sonia_frias_rollon
1885,alicialm182
1889,natifg
1897,carlos87
1748,mireia_perez_diaz
1901,christian_pujades
1905,enda
1898,anonim_2_3_4_5_6__23
1919,victor_herrera
1916,ilf
887,hector_r
1925,Xaviersimonmiranda53
1949,jordi_mayne_selles
1963,lluis_2
1977,bego
1990,jemima
1985,anonim_2_3_4_5_6__25
2003,guy_fawkes
1670,marta_bonilla
2007,efm
2018,mpgmuret
2025,ferni_seijas
2026,joan_cela
2046,carles_vr
2030,david_mc
2051,martin_petts
2048,daniel_perez
2069,pamiesp
2042,ma_jose_lluch_france
2094,juan_carlos_rojo
184,juan_gallego
2135,rosa_mateu
2109,j_d
2188,antonio_fernandez
1986,sj
2210,martinmel
2183,kk
2232,daniel_solves_ruiz
2237,david_calvo_blanco
2196,jkim
2244,lourdes_serra_calzad
2131,raulina
2274,cadi
2294,oscar_garcia-fraile_
369,maclaren
2324,aurora_escudero_diez
198,manuel_davila_rodrig
1173,emilio_lopez1985
2335,teresa_r-m
94,genis_barrera
2359,mentalila_mentalila
2361,jenny_jones
2364,rocu
1493,sinache
2008,fernando_delgado
2441,joan_b
2193,tiphaine
2465,joanet
1159,manutin
2469,elena_martinez
2484,blabar
573,borja_lo
2575,salvem_la_repla
594,jordi_goni_el_troc
2614,waldorapaz
2625,agusting
2650,sem_pons_puig
1609,david_bravo_bordas
2621,ALP
2652,alfredo_palomera
2692,pomesfi
2698,joan_s
2704,jalbaiges
2694,albert_pf
2726,miguel_2
2727,miriam_at
2286,jordi_ortega
2743,Vincles
106,pepe
2762,evapoleomenta
2777,f_t
2774,
2832,ignasi_lopez_arias
2618,freebolero
2870,xavier_2_3
2881,stephane_neckebrock
2894,club_de_bitlles_cata
2895,josep_maria
2077,
1371,silvia_ramos
2072,ekin
23,thaisita
3035,jsh
3026,imma_v
3046,sofy_libra12_hotma_2
2960,maite_roca_riba
74,gisela
3059,marta_cf
3073,valeria
1180,
3090,piani
1955,barbara_melenchon
3096,pegas
3070,albert_2
3123,cesar
272,marti_2
2426,joaquim_pisa_c
3174,anna_catalan
3179,angels_oliva_girbau
3178,diana_larrahona
395,neo_sala
3188,gemma_rs
3191,ignasi_rodriguez_ram
3189,maillol
3239,club_pati_barcelona
3182,sandra_sancho
889,dcc
3331,oficina_d_atencio_al
3371,pilar_marcos_perry
3384,plataforma_proselecc
31179,col_lectiu_de_sords
3322,carrie
3479,oscar_martin_perez
3464,fnicolau
2058,sabired
3617,ramon_lv
3645,minvill
3147,bruno_sokolowicz_pap
31144,petanca_sants
3770,mariama
303,fmbatlle
3780,etorrent
500,rogerinhos
769,eva_2
3843,maria_jose_regana
3856,viki_tuneu_cabre
1970,red_albert
3862,boinen_25
3879,7_en_comu
109,mar
3967,elisenda_anton_carbo
3910,adria_cano
2054,mfreixa
4021,caroohhline
3854,alfons_llopis
4053,exeivia
3970,merche_alvira_latorr
1935,teresa_greenwood
2449,pablo_ramos_garcia
4105,oliver
4127,vilaseca_miro_david
4196,anna_llupia
2028,miquel
4259,adria_franquesa
4232,nina
3725,maitestac
4168,laura_gonzalez
4256,jordi_soler
4466,salvaferran
4475,valdan01
4481,fundacio_ramon_calsi
4497,nautae
2915,alberto_molina
4506,adelina_2
3351,pepa_g
4549,dcm
3535,adrian_perez_domingu
4562,quim_martin_bernado
4557,brauli_tamarit
4572,gemma_riquelme
4574,
4577,jaume_ciutatvella
4584,aefsarrels
4600,vallvi_sup
3248,susana_n
4689,mjs
4701,arati
4671,nuria_torres_mestres
4741,mireia_la_salut-grac
4776,joan_queralt_gil
4798,davalc1979
1051,miguel_giner_bermejo
266,licha
31193,sant_marti_eix_comer
4862,josep_alberjon_fuman
4868,manel_olle_garcia
4213,andreu42
4873,carlota_gimenez_i_co
4750,iglous
4871,adria_c
4896,guillen_auge
4936,maxriera
1696,ventura
31195,federacio_catalana_2
31196,ecom_2
31197,fatec_federacio_d_as
4973,treballadors_i_treba
31199,aavv_bon_pastor_2
31200,aavv_la_sagrera_2
31201,ue_sant_andreu_2
31202,sant_joan_de_mata_2
31203,ae_fs_arrels_2
31204,teixit_associatiu__2
31205,club_esportiu_sagr_2
31206,comissio_passatges_2
31207,aavv_maresme_2
31208,aavv_verneda_alta_2
31209,aavv_front_maritim_2
31210,coordinadora_d_ass_2
31211,consell_de_barri_d_4
31212,xarxa_0-18_2
4988,consell_plenari
31214,ateneu_de_nou_barr_2
31215,aavv_barceloneta_2
31177,fundacio_comtal
31216,aavv_l_ostia_2
31218,pacte_local_de_la__2
31217,cap_a_mar_2
4994,petits_maians
31219,xamfra_centre_de_m_2
31220,casal_d_infants_2
31221,consell_de_barri_d_5
31222,consell_de_barri_f_2
31223,consell_de_barri_e_2
31224,consell_de_barri_s_2
31225,consell_de_barri_s_3
31226,tedxgracia_2
31227,escola_montseny_2
31228,club_de_petanca_ca_2
31229,club_d_escacs_tres_2
31230,fundacio_banc_de_r_2
31231,ubae_2
31232,escola_solc_nou_2
31233,asociacion_social__2
31234,castellers_de_la_v_2
31235,fundacio_pere_tarr_2
31236,as_cambium_permacu_2
31237,fundacio_claror_2
31238,casal_montmany_2
31239,associacio_casal_c_2
31240,minyons_escoltes_i_2
31241,aavv_coll_vallcarc_2
31242,associacio_de_come_3
31243,fundacio_festa_maj_2
31244,associacio_de_vei_12
31245,gracia_multimedia_2
31246,centre_de_joves_i__2
31247,youkali_-_escola_d_2
31248,comissio_de_joves__2
31249,esplai_sant_jordi_2
31250,associacio_cultura_3
31251,club_de_petanca_el_2
31252,aavv_del_passeig_t_2
31253,coordinadora_de_co_2
31254,societat_catalana_2
31255,consell_de_barri_d_6
31256,consell_de_barri_d_7
31257,consell_de_barri_d_8
31258,veinat_de_sarria_2
31259,veinat_del_putxet_2
31260,veinat_de_galvany_2
31261,veinat_de_la_bonan_2
31262,veinat_de_les_tres_2
31263,veinat_de_vallvidr_2
31264,consell_de_barri_m_2
31265,consell_de_barri_p_2
31266,consell_de_barri_l_2
31267,plataforma_infanti_2
5044,treballadores_i_treb
4887,josefina_marquez_tra
31180,associacio_intercu_2
5065,alberto_2
5133,josep_meri
5176,vicky_suller
5178,regalim
234,evita
5187,villarrasa
5185,marino
5196,enriqueta
2350,aitor_felipe
5201,amadeu_al
5230,esther_rey
5254,xavier88
553,bernat_pardinilla
5270,carlotta_cat
5276,anonim_2_3_4_5_6__53
5256,inma88
285,hector_2
5288,aeroleo
5307,associacio_de_cuidad
5329,associacio_esfune
5337,ana_flores
5344,josep_bohigas
5354,cristina_romagosa
5357,daviduriarte
608,sideroploide
5199,msd
2761,daviz_villota
2435,hibrid_trentatres
1571,pilar_murteira
5385,bncm
5413,dolors_2
5417,carla_monroy_ortiz
5080,
1356,
5426,jordi_peries_sierra
5465,accio_social_en_comu
5471,jordi_princep
2444,albert_vila_picas
4431,victorm
5490,ser
5500,angels_gironella_sol
5480,emilia_escuder
31278,gremi_provincial_de_
1126,arturo
5623,jaumeben
5661,mariano_serrano_sa_2
5667,cbg
5733,gerard_gual_gasulla
5248,carla_saballs
5810,sergi_gazquez
31191,associacio_de_vei_11
5839,josepmgg
31279,districte_ix_imatge
40,sergio_espin
2052,jordibvg
5908,jesus_delgado_sald_2
5920,cjprospe
5907,tonyo
5963,antonio_ros_garcia
5192,charlie_lefuck
5868,anna_maria
5757,ana_villagordo
3163,arnaurvm
3499,aurora_alvarez
4677,miquel_garcia
31282,associacio_de_vei_13
6185,m_mateu
6211,a_serra
6165,manelh
4036,jaume_elias_i_boye
6243,nuria_calzada
31291,associacio_de_vei_15
6338,silvia_jane
6334,thais_nm
6372,avv_el_sanatori
6401,victor_sanz
2372,kiko_valdivia
5705,tristan
3827,suport_decidim_barce
6431,miguel_dieste
6439,mario_catelli
6455,miguel_ramirez
3580,pere_ortega
6469,olga_pinero
6473,jaume_layola
6480,arnau_luke
31287,confederacio_de_come
6497,xino_xano_associacio
6514,oriol_b
6254,jose_m_lopez_pijuan
6585,taula_oberta_trinita
6601,toni_oliver
6584,col_lectiu_agudells
6219,i_g
6618,neus_savi
4307,ruscalleda_miquel
6654,andrea_weia
6653,joan_b_2
6658,angel9b
31174,associacio_institut_
6695,alejandrojgs
6706,josep_maria_tarazona
6757,ramiroquai
6766,jordi_r
6819,daniel_aparicio_serr
6803,boca_419
2669,mirta_manzetti_cerez
6885,antonio_lucena_cabel
6910,frank_perez_bretones
6920,noidelguinardo
6942,isaac_a
6932,jose_luis_garcia_gon
6187,carme_martin
6762,miquel_ruscalleda_bo
6981,mdl
6995,pilar_g
2513,glillo
7027,maria_sol_kliczkowsk
7048,menno_van_rijn
7075,sole_moreno_maiz
5546,
7103,ana_txarola
7113,monicacevedio
3391,maraga
7121,domenech
7135,alba_anadon
7160,violet_dance
7190,alex_mady
7205,associacio_de_vein_3
2579,maria_casademont
205,roger_amigo
821,susanna_segovia
850,
7251,mabe
7252,silvia_r_a
7264,esteban
7272,miquel_angel_rodrigu
322,xes
7249,ana_piera_martin
7298,riclor
405,san_tito
7326,alberto_comin
7330,comunicadores_del_co
6397,jordi_del_blanco_bar
1192,enricbcn
742,Biondo
7186,victorias
2699,isidoro_zury_asse
7430,hector_parra_rodrigu
7451,mario_caravantes
7497,bernat_r
777,toniribas
7470,arnau_montserrat
7556,isabelbcn77
7577,pepi_del_cano_martin
7589,alejandro_palma
7609,gerard_rosell_saldan
6591,ricardo_ramos
7631,ruben_moreno
7637,marc_segurana
361,elaine
7645,patti_como_smith
343,miky_aragon
7642,teresa_alfonso_muril
7680,ikelm
7677,martin_garber
7724,iris_codina
7748,mercedes_cirera
7767,ninoshka_rodri
5633,families_ebm_els_pat
7822,marta_annapurna
7827,patrick1993
7844,ivan_garcia
7602,mon_2
2871,jose_manuel
217,acistero
7935,lau_out_loud
7937,pauet
6715,quim_terre
31301,unio_d_associacions_
5450,pedro_prado
7955,Joancorrades
7930,nenagamba
8061,senor_gris
8067,mtr_8
8132,house_keeping
5882,hector_panizo
31303,associacio_de_vei_16
8166,antoni_garrido_i_mar
8185,vjt
8198,a_lliure
6644,andreu_torres_borras
8202,alex_murphy
31305,arxiu_historic_del_p
8226,marc_planas
247,manel_dieguez_ramire
1575,associacio_veins_i_a
8267,s3alcaide
8290,marta_jimenez
8098,jibun
8280,reri
8311,avv_vila_olimpica
8334,silvia_domenech
6742,omchamat
8327,enrique_pico
8253,beth
8366,arnaututo
8399,uri_carva_carvajal
8424,xavier_martinez_vice
8450,clara_paris
7820,merce_buxade
8516,xavier_carpio
8532,maybcn
8543,carme_esquerdo
8218,maga_2
8557,soledad_chianese
8521,ana_pousa
31308,associacio_casteller
8592,ada
31294,eix_maragall_associa
8622,pla_esan
8639,claris_sohn
8641,qwert12345
8654,maria_dolores_magran
8661,m_ferrer
4554,jose_m_puertas
8696,ricard_2
8699,silvi
8725,sergi_torne_viudas
8734,maria_iborra_cano
8761,ventura_gileto
8800,joan_arman_juncosa
8815,gonzalo_zaragoza
8835,mari_carmen_castro_a
5723,nuria_graell_g
8845,fabiana
8861,alejandra_rueda
8866,pedro_tarraga
8304,lvic
8436,marta_sole_andres
8921,casa_lila
8930,rafael_granero
8948,joann
8951,merce_aranda
8862,jordi_sanchis
8987,lola_mateo
9011,associacio_amics_i_v
9025,jose_2_3_4
9055,esther_f_g
31289,associacio_de_vei_14
9100,pau_ocean
7775,sandrav
753,sergio_2
9160,ignasi_flores
9159,jodira
8999,bg
4782,hector_ayon
9247,maz
2187,anna_cc
3907,aritz_garcia_gomez
9280,sonia_altisent
9284,cosme
9298,alberto_m
4173,isabel_puig_boncompt
3177,josep_m_guillumet_an
7538,marti_sales
9317,cecilia_illa_malvehy
9340,raquel_garcia
9344,ade_2
31192,taller_ocupacional_a
9404,patsili_toledo
9411,okiabril
9434,mluisa
9438,guillem_artis_del_po
9448,mangels
9469,cglquemasuelas
6973,sergi_g_r_2
1932,j_morrus_serinya
9517,bcnmarinero
2230,tomas
9554,francesc_paul
7229,benua
9630,olfequir
8754,arnau_b
8662,angels_2_3
9174,susana_palma
9283,Dinamitzacio34
9711,marta_laurent_vecian
9760,oscar_luigi
9462,antoni
9268,suport_decidim_sants
3346,andreu_parera
9815,anaralla
9921,angel_docampo
9818,ass_plataforma_veina
9943,oscar_ortega_benito
4712,maite_batlle_ciutat_
3992,carmerq
9428,insamo_arcangel
10012,albert_marco
483,dani_estevez
10009,david_v_v
7481,beni_rubio
8247,anabel-lise_le_roux
10020,tb
10054,observatori_cultural
10056,jofaro
9264,suportdecidim_santan
10073,robert_uribe
10079,danibru
10081,esters
10067,margarita_lopez_carr
232,laia_ortiz
10107,recuperem_el_borsi
276,xavier_duacastilla_s
10144,associacio_planifica
10156,charles
5159,lucinio
9501,sara_pascual
9993,rosa_sielva
9262,suport_general_-_dec
8853,cristincelma
10181,annabelichenko
10048,federico
10197,antonito
10192,eli_rolando
6712,jose_m_aguilar
10201,roger_majoral
10213,sheilalopez
10210,gloria_dova
10250,miquel_campabadal_ov
9289,suport_decidim_hg_i_
10255,miguel_a_alba
10283,
10313,quim_2_3
10323,monica_2_3_4_5
10324,aida_2
10329,xavier_prat
10282,vktr
9270,joan_santsmonlacol_2
31331,colla_del_drac_del_p
9543,elenagaro4
10026,silviac
31332,ampa_escola_mirallet
10395,federic_g
9274,suport_decidim_san_2
10425,mar-31
9267,suport_ciutat_vella
10433,xibeca92
10439,sagui
1,Barcelona_cat
10449,carmencascajosa
10446,pakomen
10454,msl
4422,smielyi
31335,al_carrer_escola_d_s
5102,marc_oller_duran
10490,javier_nunez_alcazar
894,pere_marine
131,ferran_izquierdo
10196,enriqueibanez
10567,elvjspad
609,can_70_anna
10544,sabine_momberger
10592,carme_sole
2962,xavier_riu
10613,itziar1900_2
10615,inmaC
10627,xavi_canadell
10634,joanag
4744,francesca_blanch
10669,xavier_xargay
5346,txemabcn
10684,francisca
9272,annab_santsmontlac_2
10712,froila
10715,avv_diagonal_mar
10719,martad
10737,lluisda
10746,fijembiai_gmail_co_2
10298,smarti1290
10759,josep_lluis
10762,smarti
10381,silviaxal
10752,joan_ribas
10784,
5767,sandra_garcia_bote_2
1078,joan_c
10785,e_ustrell
10754,esplai_matinada_port
9948,lluis_2_3
886,mariano
10703,suport_decidim_bar_2
31337,institut_barcelona-c
10936,jordi_moncosi
10966,
10965,jorge_damont
10973,llibertari_barceloni
4659,ferran_lorenzo_m
9147,joaquim_2
10984,ruben_2_3_4
11002,cesar_ochoa
11011,enar1987
11012,diego09
11047,ariel_vazquez
8697,
123,rafael_gomez-moriana
4080,elizabeth
11082,abstractlu
2491,encarna
11106,neleeta
11112,jregas
9913,cris_silvan
11111,florenci
11110,joseruiz
11124,habellan
5158,maria_jose_de_julian
10121,castellers_del_poble
11167,aitorg
11174,toniaca
11070,meant47
11180,eudaldxxl
11214,abd_associacio_benes
9217,jose_pc
916,amos
11241,vei_de_barcelona
11236,toni_caparros
11246,miguel_vila_despujol
11262,maria_a
10157,victoria_gonzalez
10306,Punt6
908,mon
11403,emilio_2_3
10867,ampa_escola_pau_casa
11089,quim_sants
11301,karles23
10597,cesar_lobato
11477,carmen_dropez
11490,nuria_abd
11513,ja_plana
11517,josep_ramon_badia
8923,b_carreras
11543,sant_salvador
11544,jbernado
11545,gumer
11552,carme_menendez
11554,anna_ylla-catala_i_p
10337,rafaela_subias
11583,jesus1975
8968,angel_berruezo_2
6453,alfons_duran
11620,ei_horta
11637,draudet
9831,ensvolemvives_2
11610,consellsectorialdone
11662,assemblea_arts_al_ca
11660,Trinitat
31316,casal_dels_infants_a
2476,nuria_2
8773,anna_moreno
7543,manul_alminana
1756,rake
7328,associacio_de_vein_4
3513,jan_labrador
7303,martha
11767,alfred
11802,mariaproposa
11811,apaytuse
11818,anonim_2_3_4_5_6_123
11844,gabriel_2
11880,futurista
7141,reig_marina
11925,salvador_2
11926,john_stone
11766,chico
11752,borisvg
7440,inma_vicente_molina
9966,monsan
11971,_2_3_4_5_6_7_8_9__20
11990,rogertorrell
12017,trini_2_3
2416,german_alonso
81,francesc
12081,eduard_saavedra
4788,lauragsa
11288,alexgt9
7555,german_aguilar
942,carlos_rincon_sanche
12132,_2_3_4_5_6_7_8_9__21
12142,ferranf75
12145,miquel_marti
31360,gats_de_gracia
12166,oriol_estape
12157,zia
2759,sergi_romero
31341,associacio_de_vei_18
12172,albertgs12
9606,miquel12
400,marianoanibal
9563,josep_viver
8834,xavier_mg
12114,nuria_m_p
12155,adam123
11655,consellbarrisantsbad
804,joan_rafael_rabasco_
12193,dunadesal
8069,joana
10402,enricdjavan
11600,consellbarrisants
31343,associacio_de_vei_19
12301,aavv_i_comerciants_c
2750,josep_m
12314,juantb
11692,anonim_2_3_4_5_6_121
1758,j_c_h_v
11361,leo_pereira
10230,crisgutval
12370,masaltaba
12382,arnau_amill
12372,feydo
31363,esplai_espurna_de_gr
12408,marc_amoros
31364,federacio_coordinado
31365,afa_ceip_congres_ind
12442,gerardml
12443,rafael_luna
1386,yomismo_gpsando
12488,abotsibarrals
12489,vall_de_can_masdeu
9763,dinamitzacio_sants_2
12475,barriobajerayeye
12503,boletnegre
12507,joan_lluis
12545,hector_912
912,luis_lopez
12179,democracia_activa5
9263,suport_decidim_activ
9308,edgar_mrtn
9530,gr_raons_publiques
3717,salvador_pastor_blas
12289,larrytron
31370,associacio_de_vei_22
12662,jotaess_2
1325,agapit_custoja
12657,xeniaclar
12699,ramon_2_3_4
10152,donna_m_ramirez
12718,judith_vicente
12735,pau_c
2627,iolanda_fresnillo
12663,mariza_diaz
613,josep_m_armengou
12766,ion
12091,anonim_2_3_4_5_6_127
12791,oriolqc
12802,merce22
10579,albertbarna
12816,jordipi2
12825,kglez
9898,m_eugenia_sanchez_ca
12885,pau_2_3
12911,mariusg
12899,anonim_2_3_4_5_6_141
12859,oriol_a_2
12317,valeria_oyaga
12957,claparols-carrera
11816,sbarbens
13020,anna_avila
13028,poropo
409,pepe_c
12249,jose2715
13084,cbl
10205,
13138,eva_jou
13161,cistus
13147,cecili
13184,david_sancho
13169,antonio_u
13186,cari_almazan
6646,davidferngut
13209,vsalaf
12600,volta_arquitectes
10949,associacio_cultura_2
13217,antonio_da_ferreira
13223,eduraval
13220,j_l_peralta
1644,mike
13231,luis_ros_cortes
13230,carlesglue
13233,mnpastor
13247,vqleriabcn
9265,suport_decidim_actes
13261,elisendafs
13268,annar
31377,procomuns_net
12831,arnaum
13466,soleguer
13471,alicia_teba
13483,mbhorta
13510,lukas0001
13384,natalia_vazquez_rehb
13641,georgina_2_3
13660,jordillonch
13686,ytsejam22
13700,xesca
11409,coordinadora_d_ampas
6589,associacio_de_festes
13768,nuria_oriol
13748,natividad_ramos
13794,lena_vela
9343,
5423,secundaria_a_la_munt
13859,alba_oriol_mumbru
11591,consellbarrilabordet
8289,markdd
13924,jordi_anguera
13914,sandra_rodriguez_cas
2400,espaigosbcn
2065,sarria-sant_gervasi
13835,albert_c
12610,javier_fraga
13994,oriol_timoneda
7332,martina_rey_janez
11550,claira
14094,aliena
14102,quimrc
14106,anonim_2_3_4_5_6_155
14104,bcnferrer
13067,carmenbcn
14120,darth_vader
1157,rosa_esc
14140,plataforma_veinal
14174,atzboy
14171,marc_juvinya
14190,marcella
14240,antonio_sal_sal
8427,gustavo_martin
14271,jose_luis_lalueza
10548,paco_gil
14290,ferranp
11090,alba_fernandez
1902,mariano_v
10493,urkiux
6860,cris_espa
14400,oriol_sa
195,rgbardon
11071,pere_sabate
14414,marina_rius
4389,adrillen
14418,FartIam
11596,consellbarrilamarina
14440,souris
6546,montse_ferrer_norber
4235,patri_gimenez
13297,enrikson
13136,jesus_garcia
14495,roser_minguez_alcone
14494,trespunts
14490,maria_lp
14496,lily_2
11354,maite_romeu
14513,recull_navas
14526,jose_gallardo
8571,gabriel
1055,pepa_olvera
10350,domingo_morales
13925,montse_blasco
10421,jonathan_ballester
8674,alejandromc
14557,gregori
6373,puri_cea_estrada
14647,inmaviuasants
14650,pepbarna
31283,suport_decidim_habit
14644,tribes
14669,davidgibert
14676,josep_anton_i_riera
31392,fapac
14708,sergi_cadena
14714,vicent_r
11659,consellbarripoblesec
14724,ckamy
12008,francisco_2
14777,jordi_capilla
8331,neus_fornells_cunill
9266,suport_decidim_joven
31386,trama_serveis_cultur
14875,consellsectorialgent
14907,anonim_2_3_4_5_6_166
14906,maria_s_de_costa
9821,marina_puig_2
14920,pere_bayona
31404,plataforma_riera_de_
13131,albert_vilanova
14854,associacio_de_come_2
14985,victor_dieste
15026,cordill
15033,joaquim_m_cervera_i_
15038,consell_barri_hostaf
12009,associacio_catalan_2
15119,lalia
15153,xavier_sisternas
15091,smoutrille
15202,david_franquelo
9396,marioezq
14546,angel_guardia
15092,ciudadanocurioso
15296,josep_guzman
15302,francisco_miguel
15331,peregir
15364,tcm
15381,user15381
15268,merce_vila
15385,rbg1981
15389,user15389
2919,esther_2
15423,mariaibaneztrullen
6575,pericoperez
2299,
15432,jordi_de_gracia
7169,prithika
15452,francesc_rincon_sola
15465,suns
14891,paurebull
15475,jordi_g
14959,carles90ar
827,marga
9652,quintin_gonzalez
15520,alex_castillo
15521,tm
15508,margarideta
15499,user15499
1638,marga_arregui
15532,rosin
6879,javier_alberti
15540,marinalarre
15539,avilalta
15576,josep1
15594,carles_2_3
31399,unio_d_eixos_comerci
15603,ferran_p
15605,jordir
15618,guerauxc
15629,oscar_sanchez
15621,javiersarda
15649,nacho_cano
15648,martapo
13405,dsoriano
15653,loirooo
15651,sarah
1008,Lramisa
15681,corvinos
11663,consellsectorialcult
15689,lluis_sureda
15692,rubika
11364,nag
15695,ampa_vedruna_immacul
11137,SCEA
15712,albertrc
15718,urbet
15696,marta_pinent
12564,merce_arago_vidal
15800,laura_rodriguez_2
15816,aav
15752,pablomartin
6340,enric_roig_marti
15846,la_mari_morena
15866,alexros
15867,elvira_2
15661,roig_marti_enric
15910,vallcarca
15762,assemblea_bcomu_la_v
14146,javier_2
15955,jordi_2_3_4_5
9911,elena_lopez_estebane
13078,anonim_2_3_4_5_6_143
15978,malnom
12038,elsoldaluz
16010,carme_ali_bei_2
16024,edurnea
16022,ivan_2_3
16060,alcaux
16049,maria_mestres
16064,user16064
7572,x_v
3699,emi_guerrero
16012,rafafede
16089,joan_diaz
16096,antonia_de_sants
16138,ojosdegoma
16200,danioooi
10474,mdlrosa
15090,ainaconte
16197,olivarius
16195,aqg
8138,melanie
16247,molers
16252,magusa
16250,arnaugp
16062,olgac
16241,javier_leal_rey
31296,plataforma_afectats
16263,javier_alarcon
16267,decidimbcn
15446,gaetano987
16270,eduard_2_3
16283,mmonton
16286,quim_tubert
31424,associacio_de_malalt
16364,pereriera
7482,Suguru
16370,antoni_jane_galbete
16322,gyppi
16381,astrid
16398,paubcn
31408,udols_associacio_pel
2663,jcim
16493,marta75
16527,luz
16538,rafel_gisbert
14733,anonim_2_3_4_5_6_165
16601,javier_vallejo
11969,aurelio_lopez_munoz
15300,oriolrp
16664,ismakik1
4561,paco
16683,user16683
16679,orricoalina
9259,suport_decidim_salut
16738,daniel_terradas
15652,emmag
16753,laurahf
16765,mula_masoveria_urb_2
7474,avalverde
16778,riumors
16791,hinarejos_anhimo_2
16796,mae
16800,marcos_2
12303,xavier_barreras_meri
16564,jordi_del_p9
16793,aabadm92
31432,alianca_contra_la_po
567,carlosp_c_86
16924,pilar_llado
5129,
14577,angels_garcia_serneg
9148,rosasi
16951,anna_perez_borrell
318,xavier_colomer
16976,noesal
16625,ag
31433,ampa_escola_rius_i_2
17016,eurasia
17061,carlos_domenech_rive
14830,josepvicente
17073,rosa_ramos
17094,annie
17115,electric
9189,ramon_alos
15599,paseante
17166,kaiene
17179,guillem_tell_40
17195,mfraileg
11201,anonim_2_3_4_5_6_112
17222,jorgems
17230,lakerol
17239,ignasi_badia_nogues
17248,marc_chesa
7742,paula_vts
5519,teresa_cambra
17324,lem
17350,user17350
17423,pilar_rodriguez_pere
17380,ruth_maria_costa_alo
17331,dnl
17325,francisco_gonzalez_n
17487,elisenda_monclus
31410,associacio_de_vei_23
17502,ramon_raluy
10665,coque
9479,juano_2
17532,daniel79
31436,ace30
17613,neve
12914,guguseti
12579,eugeni
13133,jimmy
17700,mare
17756,carlos_de_pablo_gonz
17783,_2_3_4_5_6_7_8_9__29
17784,anna_v
31439,esplais_catalans_esp
17805,ar_2
17708,rumbiyo
17846,noemi_2_3_4_5
17799,ANESDOR
14805,merce2bcn
17977,conxi_perez_radua
10429,carmen_micas_estalay
18051,rac
18100,swiack
6921,albert_viladot
31446,associacio_comercian
18153,miki
7671,alicia_blazquez_mart
18089,alfons_santamaria_so
18207,rakel_m_a
18222,xavi_muriel
1923,angel_bonora
18266,majose
13258,javier_martinez
11928,m_jose_rodriguez_jim
18384,amaia_tato
18400,
31449,catfac
18409,jtudo
18466,odvan76
18421,lourdes_leon
18489,LuisSanglasGispertxx
18419,m_teresa-_antonio
18511,amendoza
13495,kaperez
18532,m2l
18531,mariano_hernando_san
18569,jorgeortega
31444,consell_de_la_jove_2
18627,fonso_guti
31454,avv_carmel
18690,user18690
18707,miguel_miranda_ivars
18662,MToribio
18696,soniacg_2
18708,mireia_de_la_rubia_g
18729,josep_serra_batiste
18490,raquel_c
18749,rogent
18764,hectors
18519,jordi_gonzalez_2
31459,martikoor_-_confeder
15634,monica_martorell_pon
18832,eduard_del_provencal
31434,ampa_escola_pit-roig
3797,yamila_jerez_novara
14131,idoya
18030,user18030
18877,monur_2
18380,maria_delta
18951,bi
13908,mariacn
19027,toctoctoc
14975,nuria_juhera
19058,jgilvent
19072,joaquin_soler_cura
13488,montse72
19065,alfredoru
16682,manuel_perez
19098,veina_del_clot
3998,robobo
19142,jbt
18862,user18862
19144,noelia_2_3_4
19153,
19160,david_nacher
19164,user19164
19188,Pepe
15042,neus80
19201,user19201
7513,giulia
19259,asuncion_barbero_per
31428,associacio_de_veines
19317,lali_barenys
3173,maribelaca
31467,ampa_ebm_la_fontana
4692,munyeca
19454,ximo_moixo
13580,xavi_pv
19460,david_teixido
18130,bc
19503,sev_rod_san
19495,meridiana72
19532,tomas_martinez
17795,OscarRossello
31311,equip_educatiu_ebm_c
19612,edmundo_garcia_mira
31470,ampas_escoles_auro_i
16799,carballo
19629,mmr
18438,nilda_arroyo
3335,juan_2
15512,archie
19790,joan_hernandez
11080,francesc_robuste
19836,vicenc_larrotcha_i_r
19904,gbr
19922,abi
19404,raval_territori_soci
31456,associacio_de_vei_29
7858,raquel_amado_mezquit
18340,montserrat_bestue_ll
20042,silvia_aldavert
3456,Velasco
20074,centre_de_les_arts_d
20110,susana_s
20100,jota_ese
17643,melisa
18185,susana_ayorinde
17843,avv_la_satalia
31478,escola_patronat_do_2
20377,vallcivera13_19_2
11929,jcomilles
20348,xavier_leon_2
12057,quim_ruiz
20384,armand_frade_avc_les
20410,blanca_blanca
16646,maurici_2
20492,jo
20529,imma_m
20490,jag19266
5725,carmen_pallarol_bore
14311,alfrredo_j_rio
19236,user19236
17188,javier61
20633,jordi_serradell_i_cu
20588,marta100
20628,LL
18263,toni_rodriguez
20738,joanlopezfores
20733,francisco_velsquez
20407,fs
20760,cmane
20845,annamascal
20876,marisa_2
20737,nuria_r
20917,olga_villacanas
20811,clis
20827,user20827
20968,map9
20951,josep_castells
21001,jorditron
21006,martimanent
13819,ltraveset
21064,gbarcelona
21074,marta_nomen
21209,dincat_-_discapacita
21243,sfera
21194,asergio
21258,anna_julibeet_foyo
10689,cesquerdo
21443,user21443
21430,david_sainz
31329,CreacionPositiva
21495,orixiol
21544,mario_adrian
21539,pelines
12602,kw
17943,jean-michel
21631,gracienc
229,rita
31477,eix_comercial_del_ra
21698,_2_3_4_5_6_7_8_9__39
31421,associacio_mobilitat
21814,miquel_angel_essomba
21058,olvidados
21651,patrimm
14750,eix_salut_bcomu
21893,consellsdistrictesan
16809,jose_luis_rodrigue_2
21899,cristina_gosalvez
21960,roger_costa
4058,mar_c
21973,annabelbm
19079,jordi_parayre_i_brau
21925,Jordi_encar_viu_a_CV
22101,mmt_2
21476,diana9
22221,aravalle
15894,user15894
22240,user22240
22273,barcelonauta
22295,albert_gv
22177,josep_torres_2
22285,crmcgnm
22292,jasso_espadaler
22294,narcis_2
22286,davidcaparros
22331,sants
22300,monisemonise
22278,rogerr
22348,tatoide
22324,emf79
22384,alba_t_vilar
22233,eugenia_luna
22398,som-hi
22307,nuri74
1887,maria_cardus_moya
22501,labascu
22490,barbaraht
22531,user22531
22536,lunupi
5950,j_sala
1433,maros
22556,gualter
22635,ala
22683,alex_zaragoza
22682,nudactivitat
16293,oscarfer
22723,carles_espallargues_
22784,gentgrandistrictesan
22688,pad_mobil_-_sant_mar
22783,jordi_m_g
22728,maria_teresa_aguila
4041,jordi_reynes_garces
1839,mireia_soler_botella
22874,joaquim_2_3
22890,cesccj
22910,maria_pilar_alonso
22891,sergih
16479,ivette
22878,jordi_gomez_puncerna
22943,3_1416lar
22975,aliciaberlanga
22736,vitrubi
22963,antoni_cuyas
22960,denizkizi
23013,mirta_barbeito
22935,user22935
31149,coordinadora_d_entit
23091,ingrid_2_3_4
23103,germano
23099,antonia1955
23131,david_membrado
23113,teresa_dalmau_borona
23141,didac_jorda
23161,serena
21977,joaquim_corchete_mar
23237,toni_a_p
23183,jose_jorge_plaza_bar
23247,mec
23324,lola_port
20225,laila
23379,jmasrag
209,raul
14493,santi_torrent
23396,eulalias
23525,user23525
23492,natalia_opina
23519,francesc_cabedo_rodo
23400,maria_z
23589,ana_2_3_4_5_6
23636,rul
23679,serh
23655,ana_muniente
4486,adolf_fernandez_nou_
7,
11348,neveboira
6139,bruna
1555,carme_mendez_bota
24061,marc_serres
24472,almo
8550,guille_lopez
24255,jesus_izquierdo
19564,ricardfv
24491,equip_tecnic_municip
24493,suso_2
24528,rosana_mv
15601,olgav
23956,miquelbd
24187,yolanda_forcadell_be
10771,xavier_franch
24589,jmap
1505,anna_m_roig
24636,roser_moix
12497,imuntan
24648,rafa_garrafa
24653,daniel_gelabert_munt
24642,uxtetiam9
9910,duvi
24680,kiuk
24682,dechadou
24696,tf80
24706,yogasenda
24708,cio
24711,ferret_maquina_jose_
24726,carl_os
24728,alejma
24757,rogercat
24740,eva_sam
24760,user24760
24763,lali_creus
17336,conxi_tort_sirera
18115,enric_barcena
24770,marc_folch
12131,silvia_martinez
24774,minna_casas
24685,nps
24468,suport_pressupostos
24781,user24781
24779,user24779
24782,arnaulix
1451,francesc_xavier
11439,fundacio_montserrat_
24798,ignaciocasasnovas
24620,jaume_artigues
24812,user24812
24819,enricse
24821,mav
24815,manel_bonet
24419,pepemi
24791,josaldelatorre
24832,merc_mad
24833,matteo_busilacchio
24839,mgp
24846,xavier_montagut_gu_2
24786,patrick
24854,pep_sala_avv
20710,oscamo
24488,christine
24866,esquerra_de_l_eixamp
10713,cazcarate
15939,fina_lorente_valderr
24871,jordi_garcia_jane
24873,col_lectiu_veinal_ge
24780,xavier_montagut_guix
24878,maria_l_t
11382,lluis_andreu
24877,plataformaperlaquali
24834,mamtik
24880,user24880
24790,comissioimpulsora
24408,participacio_ecologi
25797,
25799,oriolus
25800,vero_2
21043,esba
715,mjalonso
25793,ines_r
25811,javi9494
25817,elisendaiglesiaspie
25818,rosa_m_b
25828,scubydu
24924,mireia_perez_2
25837,oscarsanchezdm
25765,pep83
25842,erk
25858,maria1927
4910,jose_luis_escribano
25884,salomo_ben_adret
25498,madetor
25887,francesc_82
25888,vei_normal
25891,clm80
25871,carles_enric
25899,francesc_soler
25898,xita_de_juan
25925,jordi_cm
25876,albertf
404,alfredpuro
10463,cesaraguado
25953,victor_2_3_4_5_6
10664,javier_gil
26037,pau_s_r
26038,beatriz_2_3_4_5_6
24031,albert505
26147,rosa_m
25988,grisi
26233,rosa_maria_ricos
26237,sergi_2_3_4_5_6_7_10
18120,guim_espelt_estopa
25802,sag470
26282,joan_muntane_vives
26286,florangel_suarez
26325,col_lectiu_superilla
1909,manuel_romero
347,jordi_carrio_sabater
26363,moises_2_3
26367,albert_2_3_4
26384,gaia_2
26395,montserrat_2_3_4
24787,metadecidim
24677,user24677
24229,jordi_vendrell
3049,miquel_estape
24737,migueldc
7189,carol_romero_cruz
24991,olga_rois
25018,riccardo_palazzolohe
25121,magicbcn
24913,laia_sagrada
25415,alberginia
24794,
15833,un11imig
25422,javierdecidiendo
242,carles
1540,lola_badenes
22118,xip
26176,will
26359,meridianaverda
1477,xavi_2_3
24614,trebla
9988,noel_carrion
26595,david_lh_2
26645,blancabi
26620,femraval
2006,docker
26646,Pau12
26666,vir_2
16728,robertasucupira
18625,lopapus
2456,itortajada
24144,fontana
20914,kaichiri
865,joanmr
26738,olga_2_3
17220,manelgp
26747,fag
921,marta_masip
16834,jordibaut
18119,jaumeserra
24280,nacho_cabana
20696,mire_2
24672,albert_f
20907,citina
7924,mbb
26777,carlos_rafael
17616,andres_ibanez
7441,fxgarciaar
17604,milena
18347,albalalba
27478,daniel_2_3_4_5_6
27487,radioactius
11276,empar_cogollos_calab
27606,associacio_de_l_hort
27611,carol_fraile
27820,diego_villafane
556,HoaryHedgehog
3777,alfredo_perez
2951,
26727,caps
2717,xan_da_torre
1687,joan_balasch_vilalta
9372,carmen_miguel
17167,annalisa
26768,elena_2_3_4_5_6
26724,maite_2_3
23771,carmenjibar
14799,ana_menendez
26888,maria_angeles_reina
26980,consell_cultura_trad
26875,UGT_Catalunya
26877,ambientologa
26896,salvador_cid
23547,carolina_2_3
25928,_2_3_4_5_6_7_8_9__49
26932,jose_luis_2_3_4_5_6
26954,anna_francesca_oliet
26958,pau_2_3_4_5_6_7_8
18286,ponsetia
27225,jordi_roca
27236,cellnex_telecom
27238,gracienc_2_3
27244,acefat_aie
27273,albert_villacampa
27304,LauraDF
16707,irene_2_3
22533,llm
28611,Zenda
28296,xpons
26839,cecilio_angulo
29070,roser_olles
29082,Charly
29224,patrickkappert
29298,joan_anton
9012,anonim_2_3_4_5_6__86
26643,meteo
27505,cedric
27504,damian_2
26674,carmen_2_3_4_5
26681,aleida
27864,escola_parc_de_la_ci
27874,lidia_2_3_4_5_6_7_8
26678,rafael_fabregat_vidi
27899,felix_casanellas_ber
26708,arnau_2_3_4_5
27929,vianant
27934,espaisocial_raval
27931,joan_2_3_4_5_6_7_8_9
18249,xavigallardoz
18391,Dinamitzacio13
23403,sylviatic
27860,_2_3_4_5_6_7_8_9__64
27980,joan_velilla
27984,erwin
26491,13_REF_AA
28909,Trinitatvella84
28592,MGC88
28802,Casiopea
27970,equip_dinamitzacio_2
28789,Raquel_MC
28881,la_troca
28685,LLFII
28989,Josep
29129,RadioHostafrancs
16963,marga_urbano_divina
21326,padrisa
29482,sheibusa
29608,Eva
53288,susana_rodera
28910,ulc
29237,laura_murillo_ibanez
28204,dinamitzacio_lamodel
28745,NURIA
26897,sofia_jimenez_antoni
29178,democraciaactiva
29659,fundacioprocat
12238,montse_petit_canals
29662,sara74
4971,ecom
14425,joan_casadevall
30182,afl1200
2381,elglobusvermell
16327,littlejohn
15975,emb
29742,Teresa
30155,barrisvius
30163,lala79
30296,vei_de_gracia
30315,adria.decidim
5095,francesc_consuegra_g
7449,albertvg_5
30338,smuri13
30354,RLG
30362,cotilios
30376,Lau
30280,drivy_by_getaround
14978,marc_nadal
30384,CarlosSR
30402,Tonirofer
24099,alba_m
5901,consell_de_la_jovent
30332,associacio_vcl
29557,dinamitzacio_via_lai
29813,Feminismes_LGTBI
27390,democraciaactiva25
5483,francesc_roma_millan
30426,Ricardsp
30433,Nessa
30485,annagama
30428,espais_exteriors_ecf
30413,AmicsFabraCoats
31008,afalafiladora
30437,neus_agut
18386,tc
28787,anna_fl
15297,imantosh
30501,felix_p.
26606,gianluca_manuli
30521,Salvem Montju�c
30541,Brunch-In
30687,pepzf
30719,Vicgom
27723,montserrat_gonzalez
30959,carme_perez
25489,dhdlc
31016,merche_cerveron_cive
31031,M�nica 
2057,nadiuska
31118,MAFALDA
31135,oscar_chic
31703,helena_florenti
27133,clemente_moreno_cres
16838,maria_merce
31815,guadalupecer
31826,pat_movil
18113,anna_v_2
22035,jaime_perez_gutierre
31970,Abel
31986,juan_carlos_rodrigue
32054,merce_sabartes
30430,Marzio
28880,Mingu
33249,DavidRS
33263,suport_proces
33305,utopies_quotidianes
33322,carme_galve
33507,GIPEB
31702,Name
33694,CT PEB
33583,Suport_proces
31342,grup_d_estudis_coll_
33603,RamonRomero
33715,jordi_bonet
33728,sergi_bea
25991,wy
33721,artiged
33820,RAM
33591,Towanda
38219,Drasc
25639,sergipetitet
126,ma_jose_ruiz
52081,fina_antonijuan
47132,carlos_flores_2
20858,alfons_carpio
40912,FrancescaBCN
52702,IreneF
26484,AdminDecidimBCN
31503,associacio_de_vei_31
33844,maria_pilar_martell
54966,Evalux
22022,monique
36800,jordipip
36806,jonathan_f
25217,kbm
36811,alvvv6
17842,jmoreno
36817,tramvialaietana
36820,bicibcn
36829,joan_obradors
36439,javi_lopez
36832,arnau_riu
36836,alba_garcia
36837,marushka
36843,marcos_rodrigo_grau
36846,marc_
36855,eva_ferrer_garcia
34298,
8364,claudiafreixas
33300,Lloverini
31043,Beach_Tennis_Bcn
36871,poiuy_qwert
36887,carlos_cruz
36842,bela
36890,nachoperez
36900,tatainti
36895,eksdmnt
36907,AngelQuiles
36910,Amra
36913,genab
24404,monica_g
36929,carlos_egido_alvarez
37632,flora_munoz
40779,UrbanismeXVR
40417,MALozano
45294,eixample_respira
38281,joves_baro_de_viver
38691,DOVELLARESPIRA
28847,evagil
44099,associacio_de_vei_38
45432,futsal_rosario_centr
39399,uesantsoficial
35668,creu_coberta
37762,cd100
38846,jesus_hernandez
33191,escolamcinto
9238,santiago_ortiz
38290,veu
20162,joansanro
37649,xavier_velasco
37642,miriam180980
37638,Oscar
37612,LARA
37362,cristerron
37345,Belindamn
37143,borinots
34084,JOSBARFER
35410,Palmi
30938,arquindignada
36944,AnnaGarcia
36825,SuportEntitats_DCDM
36963,laura_lov
36965,Marieta307
10645,mireiap
36966,Hara
36975,coordinadora_9_barri
36979,dani_martin
36982,alberto_lazaro
12353,alejman
36986,Julius
36990,MTO
36994,mbarrera
36844,Dario
36922,alex_l
37002,Mayor
37007,moebiusxrojo_
37012,alex_s
37019,Susagna
12798,laia_martinez_2
37027,xavi_lozano_segarra
25721,pedro_paredes
28162,treballadora22_2
37033,jose_luis_diez
45244,eduardo_munoz
44701,AfaClot
38778,grupAFA_Farigola
42871,avvSMP
44665,AVVPLVerneda
44559,VERN
44331,miquel_dominguez
44228,tsunamis
40648,anamas
41052,rafa_tarjuelo
34300,manuel_garcia
41329,feraltafulla
40479,TJ
38022,projectemenjador
40438,eloi_herrero_calvo
40232,javi_calvo
40016,AFA_Broggi
24587,AVVLAPAU
37163,antoni_ribas
38468,CBGRUPBARNA
38566,laura_ginel_2
37952,escolaeduardmarquina
38162,Anfruns
38135,marcPoble9
37983,Escoltem
37936,sergi_agudo
26255,ioana_basterra_lopez
37034,alfonso_garcia_garci
34159,Afl1200
37036,ramon_vinolas
36991,marta_hernandez
23063,JDR
37040,Lolagomez
36973,jesus_regidor_munoz
37044,Jjordih
37045,Mikiteru
37054,Fonz
37062,martinzube
34015,laamstrad
37066,albert_pujol
37067,basicsbtv
16101,paco_roldan
37072,david78
37081,graci
36980,noucarrilbici
37093,Ainotna
32090,jordi_gp_91
37103,tao
37130,justine_h
37138,janiko
37141,Cegisan
1201,genisbarrera
37053,menyscotxesmessalut
37150,titania_wika
37153,Lluckerman
37156,wiko
36692,valenti_gea_blanco
37097,susosuset
37502,Kliniswut
37239,angeljiza
44176,uesa
44042,CCJBCN
2718,xelatics
44032,vvvvvvvvvv
44237,aavvcampnou_pepe
40658,arnausc
43818,didac_osorio
42878,Daniel2020
41147,AFADuraniBas
38697,escolaitaca
38799,oriol_est
39672,carlesgarcia
38889,mabello
38767,oriol_puiggene
38563,Annaarbusa
38256,megaman
37162,pedrohinojo
37166,joe
37169,YELLOWSTONE
26515,miracle_tous
37201,patricia_lostado
37206,ruben_gregorio
37232,Tsuru
37048,JaumeCC
37273,mejorembcn
37286,Junta
24670,associacio_de_vein_5
37309,xadilo
37324,albacarvajal
37349,timp
11952,carme_cirera
37376,ARIAM
37379,SAMETE
37385,AIROLG
31870,pablito
37415,erikribe
37015,sara_salmeron
37416,cgimgra
37420,Atlanta
18660,avvCarmel
36362,quim_g
35331,carlos.d.a
6264,AVVHorta
26590,eli_higueras
37982,eina_bcn
43099,xcarol
42877,david_cm
42633,institutescolacoves
41412,AFALESAIGUES
36959,jorge_ares
41106,model_de_barri
35461,lluisca
41108,xp
1110,xavier_civit
10291,chiru
25752,emeka_okpala
19163,angels_ferrer
39336,jordi_font_comas_d_a
39776,Palacio
37628,crear_comerc
39168,
37404,inka_devi_d_alonso
44263,Plataforma_IJLC
42635,donesamigues
41318,greencitylabbcn
38188,angelssig
43944,GARDEL
23054,paz_riba
37425,AnaFortPienc
37436,merce_florit_juste
37208,Dakota
37010,alexis_cucala
37165,Montbau
37484,josep_sanjuan
5742,quim_ciuro
37485,eric_espi
37487,carmemonllor
37492,esperancaroca64
37490,montse_rios
3888,joancg
37513,Eduard_clot
37515,josep_maria_masip
37526,lektort_torik
37531,mmriba
37540,AVSantAndreuSud
37506,Merka
37553,Raki
154,steve_tayleur
37599,zpepe1
37609,elena_mq
37088,tcorvo
37633,Sylviane
40404,servitabor
40302,seasky15
40235,miriam_avellan
37705,janah
38867,Wilslawa
38749,ferran_capo
38673,totiPoble9
38553,bernat_bastardas_lla
38160,aleph
38106,AVVTuro
37970,xrr47
37911,doris_obermair
42395,casalpelclima
44631,associacio_de_vei_39
4763,AVSarria
28184,carlos_gerona
40376,FM-TE
15522,user15522
38700,MerceOlaria
27074,mariana_2_3
17201,irmabarna
36011,cambalan
36646,Jepet
9529,josep_baguena
37683,silviagol
37697,itscherry
37116,ana_alabart_serrano
32785,eduard_maza
37702,farmacia_marco_mocel
37723,AFAEscolaNouPatufet
37726,Ggusart
37730,penelope1
37733,joan_baucells_llados
36069,marius_comorera
37741,Ananashm
37320,JoanLluis_9
37737,josep_escolar
37751,tomas_raiteri
11215,anna_tarres
8468,patricia_2
37768,
37769,nisimida
37807,bcnverda
37820,mercedes_angosto_bar
39924,Virginia
39139,ester_o
34831,AriadnaC
38763,AB-Vallvidrera
37858,paul_walls
28452,SosMonuments
26770,chiara_segatti
33187,isabel_gomez
43124,Poti
42341,BCNSants
41429,hal4000
41411,santslescorts
41356,CBSAPS
35433,carles_r
31750,jordiglobus
36962,AVVPobleSec
40679,TIAFLaMarina
40413,coordinadora_las_mar
40446,yo
40256,AFABarrufet
39842,raja_shahbaz
35134,AVVM
36909,Anna_Aranda
37852,BarriMuntanya
37859,KarenBCN
25473,genisd
37870,andreu_farras
37871,meer_garcia
37098,jjosemiguell
37903,Barlona
37489,ASSPLAT
29714,
37916,AvvLaSagrera
37921,raul_garcia_3
37616,eduardpareramartinez
37923,amf_amf
34109,xavier_llopis_raja
37961,ingrid_mb
37974,ugo
36930,marta_bravo_hidalgo
34077,a_p_v
1494,albert_gregorio_de
39629,concepcioescola
39676,fasia-eixample
38544,nil_abbas_rovira
38084,carlos_3
40626,agus_perez
27288,guillemcb
40292,ccdfb_LaBonne
30070,rnicolau
39046,raval_enc
12367,esther_81
37817,martajiim
37987,noemi_font
25573,tomas_martinez_cerro
37992,Saramach
37764,rosa_maria_mercade
37997,cris_3
443,clotbcn
5887,elsa
38015,carlo_maravalle_i_di
38017,angelsvalero
38031,lluis_ridao
38030,BRivP
38048,m_perez
36168,MarielaPica
10172,jonesi
36654,alberttorras
320,laura
27252,ubik
38093,ramonfedo
38096,PereQuartPEJ
36579,Dinamitzacio35
37968,avvfp
38108,mari_garcia
38121,gi
4483,dani_montaner
38540,mondollo
38296,ANTONIA
10653,alexbcn
38277,arteso
39502,cfapalaudemar
40312,angels_calafell
39182,paulastandreu
38928,Espaiamic
38535,atzavara
37236,TxellAP
37626,clara_bel
21713,steruka75
12741,lluis_torrens
38100,ricard_sub
38142,toni_bao_rivero
38143,Franci
38147,Albertmo
2081,jana_miro
38168,Mildefons
38179,Nomireshaciaotrolado
37604,abonokm0
37387,Fpepddc
36435,avv_9barris
38181,aurorafg
36863,Loga
38235,alex_lopez_2
38237,seuck
38240,jaume_sanchez
37650,Joakim
36336,mireia_bel
38258,marc_calveras
37955,edobaz
38259,cristina_ferragut
38075,ampapereiv_bloc
44846,santiagorusinol
42351,vallbona_viu
40172,casaldebarriLCN
40293,convivim_porta_assoc
43565,nico_ortiz
44028,avprospe
40042,dmnonell
38184,JASS
41156,Nova pla�a Gr�cia
22745,user22745
44489,CasaldebarriEspai210
44458,AFALlorers
43382,PDC_SaFa
44113,espai_ambiental
43217,EscolesEnten�a
38262,victor_ribera
38324,albert_v
38348,xavi_galvez
23797,corina_albir_sanchez
37250,josep_jane
38369,joan_ramio
22052,emili_montserrat
38377,Climent
14882,cmg
38404,associaciohabitats
13388,alejandro_sanz_de_la
38445,santi_mart_2
41159,AFA Mallorca
38085,alex_maso_agut
25492,ernestlc
39906,Patis
33447,nuria_roca_3
40420,permanyer
37407,Samarreta
37984,pablo_peralta
39631,CEMFP
148,josep_bel
32236,andrea_
34252,Emlcat
44332,COAC
44721,pablo_cermeno
3153,FC
40288,afa_monttaber
38825,gil_maciel
6433,mltolosana
25507,roser_o_m
38485,rafael_tajuelo_gimen
38506,marta_digon
38530,Bcnlover
38063,tini
9998,alex_salvador
36964,
26223,xavram
38573,GTS
42881,FumutsRosdeOlano
43992,AFAPauCasalsGracia
38586,jordiflu
38600,ricardanc
38414,mont-asclat
38687,albertrius
38754,lasfab-ers
38762,Hughs
33472,darkside2019
38380,ana_echeverria_manau
3790,ruth_l
38770,AECV
41142,EjLaFontana
40753,UrbanismeColl
33754,#�NOMBRE?
40471,alba_batlle
9435,danib
28845,Julia2
16273,paco_gonzalez
45161,PatisVerds
44839,informacio_ateneu_el
24457,jasolo
21398,manuel_molero
34102,Gregori Ramon
36987,CarlesBcn
38531,judith_arruebo_galle
38797,carmen_m
38839,tacompanyem
24988,santi_maruny
38907,Granota
37315,puigali
6282,oriol_garcia
39425,marc_garcia_rodrigue
31805,carlospj
38804,carmenpuig
21766,m_carmen_alvarez
38683,serguinardo
38842,marede56w
36521,Jcariase
34477,icapdevila
38858,kevin_penalva
9500,gilbert_montane_pint
33396,Daniel79
38900,carlos_montilla
23064,meri_alcaide
38902,joan_ortuno
34270,jab
38959,Patricias
35233,laura_cayuela
38921,francescmacia
39530,ObservatoriP9
39548,luis_munoz
39334,PrincepJordi
25428,adria_dels_salvador
40080,quimr
40158,FerranCera
1988,carmen_gonzalez_muno
40261,laraopi
31352,associacio_de_vei_20
38967,Aviador
38463,robert_hernandez
12343,claudia_cardoner
39030,PMM
38390,anna_simo
27548,vanessa_2_3_4_5_6_7
39036,eva_izquierdo_monzon
2510,marta_kosters
14545,carlescm
39068,Michi
39069,eudald_2
36077,antonio_jimeno_ferna
40366,taulaesportshb
40389,maria_puig
39794,josep_anton_g
38703,VALLVIPLA�ADELSPINS
40450,nuria_palleres_ferre
40468,AVP
39521,Rafaelvidal
34378,marina_malo
40805,1818sec
39081,XEFO
29725,Barceloni72
39155,chuch
39230,jose_antonio_ruiz_ve
22426,almersi
39255,afa_can_novell
26151,gufm
39129,Eloi
3020,SGA
41076,Anglesola-Xiroi
40592,SOSI
41186,humans_a_la_terra_as
41219,loli_navais
41343,federacio_vil_la_ura
13667,ruben_m
34157,col_lectiu_agudell_2
39388,carlos_lopez_aira
39397,ester_mates
39393,BurkinesesBarcelona
39407,Veins
35531,
39411,afa_escola_guinardo
41889,bmpatricia4
42946,SOMRIUS
43525,EscolaAngelsGarriga
38251,mll
43908,Heroines
40109,jsu
44433,Uah
44341,criquetjovebcn
43909,BibliotecaaBlai
29163,ruth_mellado
18802,user18802
44357,PetitaMaria
26335,elia_2_3_4_5
45250,sarria_respira
39374,sostenibilitat_afa
44432,claudiacb
5422,hortensia_fernande_2
52262,Andres-Raons
5926,angel
52449,VeinsPou
55142,roger_naranjo
55236,Dignifiquemcascantic
55410,ana_mckie_puig
55460,edupoudelafiguera
55468,LaiaPoudelaFigueraBC
52706,cristina_gonzalez_ro
53612,DretsSexualsiReprod
54677,eduard_las
38007,XarxaVeinalRaval
55327,anna2020
53695,joan_medina
36051,vier
28546,JessicaPV
37969,carmen_perales
55577,Carlos80
55796,miquel_roca_borrallo
52759,ROSER
54400,dinamitzacio66
55309,CooperaSec
55311,ander_tf
27190,xavier_latorre
55448,somlaclau
27735,pepepoblesec
55469,ateneulabase
55483,grup_mesquecures
34902,Bici_oso99
35518,eva_maria_2
35459,bcntaxirider
35874,rosa_aranda_domingue
36877,Comerciantsturo
53937,botiguers_turo
35347,EnriquezArte
53510,Sjorban
54396,montse_rodriguez_fer
53922,javier_segovia
36671,FutbolTuro
33475,lorenasc
55226,LesBasses
55510,laia_m
55331,sami_aldeguer
53636,victormirete
33705,jessica_pujol_2
55001,ArtigadeLin
52320,PatriciaCohousingBCN
41535,yolanda_benitez
52703,sonia_pajares
32497,encarnacio_garcia_ma
52765,francisco_ponce
52725,maria_cruz_donoso_go
52813,jose_antonio_cayuela
52707,patricia_fernandez_r
52850,jordi_seligrat
53628,pedro_tarraga_villan
4866,jose_alberjon_fumana
54906,alfredo_lopez_lope_2
55517,gisela_izard
56349,bibliotecaram
46776,chipsi21
39638,SantiagoS
52460,Voyllegando
28064,raquel_2_3_4_5_6__10
30333,Riccardo
36588,DinamitzacioEMCS_BCN
6270,oloesl
,"funduq,maria_gratacosmontll"
23858,raul_toran
53901,montxo
30277,funduq
56922,maria_gratacosmontll
57675,quim_bech
24869,boris_mir
84177,ACABA
84466,marti_jimenez_2
4471,josep_melero_sanchez
8728,anna_parisi
86527,albert_ferre_codina
21839,sergio_carratala
87470,daniel_corominas
87459,ninakavaliova
87899,Dramacadamia
89008,jordi_bofill_moral
37042,Ele
100168,mayra_bosada
117925,manuel_broggi
19527,dantemaschio
131257,Bcomis
87494,cristhian_daniel_par
11997,pere_fo
87502,ikelmm
26698,jordi_costa_domene_3
57967,nurianunn
30475,fabiola
33320,ixpieth
110996,Crisg
85923,Laurad
20976,ahereucaamano
36586,Aturats9b
113559,Figarito19
86536,xavibasora
88467,kalexe
39829,JM_DLL
72489,Audrey
30265,GrecaM
36891,apareja
62293,mangels49
9443,antonio_scotti
64630,joseb
34438,EspaiTReS
138320,Krla
86354,roserbatlle
139,maria_herrero
7895,angie
38313,jesus_ferran_fernand
122023,DecidimforMiriam
93420,rubenlopez
138354,sindicat_mares_en_la
32588,celes_freixes
139236,wendy_solorzano
139402,pilar_sola_nogue
139421,movprimariesbcn
139757,montserrat_lopez_ant
139815,elena_lopez_3
39280,juanjo_moreno
74545,Cher_Ami
140324,montserrat_hidalgo
108017,AlbertVelez
140772,barcelona_pagesos
2679,lourdes_arnau
140201,elisabet_ferran
25463,jordis121
140221,montserrat_riu_marti
14235,spaniard
141088,angel_fernandez_2
141099,lourdes_montero
141101,
141113,laura_villalba
124008,eliseta
87996,perezbarrado
47931,nuria_gonzalez_2
141178,marta_castane_mata
64839,daniel_mengibar
141324,Jaimecasas
94445,edu_lluba
141508,Cahulu
141509,luna-reina
141568,Joan1979
36616,yolanda_garcia_aguad
70220,cesar_navas_cespedes
141686,MartaLF
114249,david_martinez_2
89179,raul_del_olmo_sierra
141861,monica_abgo
29266,Rosa Lopez
141881,Nnnnnnnnnnnnnnnnnnnn
